Category|Price (PLN)|Full product name
Telefony i akcesoria|24.99|Etui Kabura Galaxy s6 s6 Edge Swarovski PORTFEL
Telefony i akcesoria|64.0|FUTRZANY FUTERAŁ ETUI CASE NATURAL FUTRO Z KRÓLIKA
Telefony i akcesoria|117.65|Xiaomi Mi Band 4 OPASKA JĘZYK POLSKI + GRATIS
Telefony i akcesoria|6.9|WZMACNIANY KABEL MICRO USB QC 3.0 QUICK CHARGE 3A
Telefony i akcesoria|11.5|SZYBKA ŁADOWARKA SIECIOWA USB QUICK CHARGE 3.0
Telefony i akcesoria|5.9|TYP-C KABEL QUICK CHARGE 3.0 SZYBKIE ŁADOWANIE
Telefony i akcesoria|8.9|SZYBKA 3.1A SAMOCHODOWA ŁADOWARKA QUALCOMM QC 3.0
Telefony i akcesoria|117.0|Xiaomi Mi Band 4 OPASKA JĘZYK POLSKI + GRATIS
Telefony i akcesoria|1.9|ADAPTER MICRO USB do USB-C 3.1 TYP-C PRZEJŚCIÓWKA
Telefony i akcesoria|116.9|Xiaomi Mi Band 4 Opaska Sportowa + Folia na ekran
Telefony i akcesoria|7.9|WZMACNIANY KABEL TYP-C QC 3.0 QUICK CHARGE 3,1A
Telefony i akcesoria|117.0|Xiaomi Mi Band 4 OPASKA SPORTOWA JĘZYK POLSKI
Telefony i akcesoria|12.99|SZKŁO 5D FULL GLUE PEŁNE SZYBKA do IPHONE 6 6s 7 8
Telefony i akcesoria|11.9|WZMACNIANY KABEL TYP-C QUICK CHARGE 3,1A ZŁOTY 2m
Telefony i akcesoria|11.9|INTELIGENTNA SZYBKA ŁADOWARKA QUICK CHARGE QC 3.0
Telefony i akcesoria|113.99|Xiaomi Mi Band 4 OPASKA SPORTOWA JĘZYK POLSKI
Telefony i akcesoria|5.5|SZKŁO NA APARAT OBIEKTYW TYŁ do REDMI NOTE 8T
Telefony i akcesoria|8.9|SZKŁO 5D FULL GLUE SZYBKA DO XIAOMI REDMI NOTE 7
Telefony i akcesoria|117.0|Xiaomi Mi Band 4 OPASKA SPORTOWA JĘZYK POLSKI
Telefony i akcesoria|115.9|Xiaomi Mi Band 4 OPASKA SPORTOWA + FOLIA GRATIS
Telefony i akcesoria|5.9|MICRO USB KABEL QUICK CHARGE SZYBKIE ŁADOWANIE
Telefony i akcesoria|8.9|SZKŁO 5D CAŁY EKRAN FULL GLUE do REDMI NOTE 8T
Telefony i akcesoria|11.9|KABEL TYp-C SZYBKIE ŁADOWANIE DŁUGI 2m KĄTOWY 90°
Telefony i akcesoria|4.9|SZKŁO NA APARAT OBIEKTYW DO XIAOMI REDMI NOTE 8T
Telefony i akcesoria|11.9|WZMACNIANY KABEL MICRO USB QUICK CHARGE ZŁOTY 2m
Telefony i akcesoria|12.9|KOLOROWA OPASKA ZAMIENNA DO XIAOMI MI BAND 4
Telefony i akcesoria|6.9|SZKŁO 5D FULL GLUE DO XIAOMI REDMI NOTE 8 PRO
Telefony i akcesoria|18.9|ETUI INTELIGO VIEW DO XIAOMI REDMI NOTE 7 +SZKŁO
Telefony i akcesoria|18.9|Kabel magnetyczny 3w1 ładowarka micro USB C iPhone
Telefony i akcesoria|4.99|ETUI SLIM CASE CLEAR do SAMSUNG GALAXY A50 + SZKŁO
Telefony i akcesoria|18.9|ETUI INTELIGO VIEW DO XIAOMI REDMI NOTE 8T +SZYBKA
Telefony i akcesoria|19.9|ETUI CLEAR VIEW COVER DO LG K50s +SZKŁO
Telefony i akcesoria|8.9|SZKŁO 5D CAŁY EKRAN PEŁNE do SAMSUNG GALAXY A50
Telefony i akcesoria|3.0|SZKŁO HYBRYDOWE DO OPASKI XIAOMI MI BAND 4 EKRAN
Telefony i akcesoria|14.9|ALUMINIUM UCHWYT MAGNETYCZNY DO KRATKI AUTA HOLDER
Telefony i akcesoria|8.9|FOLIA OCHRONNA NA EKRAN DO OPASKI XIAOMI MI BAND 4
Telefony i akcesoria|14.9|SZYBKA 3.1A SAMOCHODOWA ŁADOWARKA LED QC 3.0
Telefony i akcesoria|115.0|Xiaomi Mi Band 4 OPASKA SPORTOWA + FOLIA GRATIS
Telefony i akcesoria|5.9|SZKŁO APARAT OBIEKTYW DO XIAOMI REDMI NOTE 8 PRO
Telefony i akcesoria|8.9|Uchwyt samochodowy grawitacyjny na telefon kratka
Telefony i akcesoria|117.0|Xiaomi Mi Band 4 SMART PL JĘZYK POLSKI +Folia
Telefony i akcesoria|11.99|Etui Premium Clear Case do iphone 11 2019 + SZKŁO
Telefony i akcesoria|12.9|ETUI HYBRID ELEGANCE do Samsung Galaxy A10 + SZKŁO
Telefony i akcesoria|7.99|Uniwersalny UCHWYT SAMOCHODOWY TELEFONU do SZYBY
Telefony i akcesoria|41.99|ZEGAREK M4 SMARTBAND OPASKA KROKOMIERZ pedometr
Telefony i akcesoria|8.9|SZKŁO 5D FULL GLUE PEŁNE SZYBKA DO IPHONE 6 6s 7 8
Telefony i akcesoria|9.9|"SZKŁO 5D PEŁNE FULL GLUE do iPhone X|XS|11 Pro'"
Telefony i akcesoria|12.9|UCHWYT DO AUTA NA SZYBĘ UNIWERSALNY HOLDER 360°
Telefony i akcesoria|16.9|MOCNY UCHWYT NA TELEFON GRAWITACYJNY DO KRATKI
Telefony i akcesoria|116.9|Xiaomi Mi Band 4 Opaska Sportowa + Folia na ekran
Telefony i akcesoria|10.5|ETUI SMART MAGNET PORTFEL+SZKŁO do Xiaomi Redmi 7A
Telefony i akcesoria|9.9|SZKŁO NA APARAT +RAMKA DO XIAOMI REDMI NOTE 8 PRO
Telefony i akcesoria|7.9|WZMACNIANY KABEL QUICK CHARGE 3,1A DO IPHONE
Telefony i akcesoria|6.9|SZKŁO 5D FULL GLUE SZYBKA DO XIAOMI REDMI NOTE 8T
Telefony i akcesoria|19.9|ETUI INTELIGO CLEAR VIEW DO SAMSUNG A50 +SZKŁO
Telefony i akcesoria|124.99|Xiaomi Mi Band 4 Opaska Sportowa Czarny Polski
Telefony i akcesoria|11.9|ETUI HYBRID ELEGANCE do Samsung Galaxy A70 + SZKŁO
Telefony i akcesoria|21.9|Case Etui Obudowa Apple iPhone 7/8 OKAZJA! KOLORY!
Telefony i akcesoria|116.94|Xiaomi Mi Band 4 JĘZYK POLSKI + GRATIS
Telefony i akcesoria|3.99|SZKŁO HARTOWANE SZYBKA OCHRONNA do IPHONE 6 6S 7 8
Telefony i akcesoria|4.99|SZKŁO HARTOWANE CAŁY EKRAN do HUAWEI MATE 20 LITE
Telefony i akcesoria|189.9|Smartwatch damski KW10 OLED DESIGN kroki puls cykl
Telefony i akcesoria|13.9|Szkło Flexible Glass LG Max X155
Telefony i akcesoria|4.0|Iphone 5 Ramka Biała LCD Wyświetlacza z Klejem
Smartfony|1479.0|Apple iPhone 8 64GB Space Grey/Gold/Silver A+
Smartfony|1348.0|SMARTFON XIAOMI MI 9T KURIER POBR.GRATIS Z POLSKI
Smartfony|1599.0|Smartfon Apple Iphone 8 Plus złoty 64GB
Smartfony|255.0|iPhone 6s Plus 32GB Space Grey
Smartfony|1437.0|SAMSUNG GALAXY A70 6/128GB czarny PL dystrybucja
Smartfony|219.0|SMARTFON MEDION X5020 32/3GB DUAL SIM LTE FULL HD
Smartfony|799.0|Smartfon Xiaomi Redmi Note 8T 4/64GB Dual SIM NFC
Smartfony|237.5|Apple iPhone 7 ROSE GOLD 128 GB ładowarka kartonik
Smartfony|599.0|Smartfon Apple iPhone 6s szary 64GB
Smartfony|2749.01|Apple iPhone XS 64GB Gold Złoty Gustos
Smartfony|375.0|Smartfon Huawei Mate 20 Pro 6/128GB twilight BCM !
Smartfony|749.0|APPLE IPHONE 7 32GB LTE KOLORY + GRATISY AKCESORIA
Smartfony|90.0|SAMSUNG GALAXY S8+ PLUS SM-G955F BLACK 64GB
Smartfony|2449.0|Smartfon Apple iPhone XS czarny 64 GB
Smartfony|4217.95|IPHONE 11 PRO GOLD ZŁOTY 64GB NOWY GW. OD RĘKI
Smartfony|1399.0|APPLE IPHONE 8 64GB - Gold/Silver/Gray
Smartfony|1290.0|"iPhone X 64GB Gray | bez blokad | + Etu ładujące"
Smartfony|2199.0|Smartfon Apple iPhone X 10 srebrny 256GB
Smartfony|679.49|Smartfon Xiaomi Redmi Note 8T 4/64GB niebieski
Smartfony|769.8|Xiaomi Redmi Note 7 4/64GB NIEBIESKI Globalna
Smartfony|1299.0|SAMSUNG GALAXY S9 G960F 64GB + AKCESORIA KLASA A+
Smartfony|1049.89|Smartfon Xiaomi Redmi Note 8 Pro 6/128 GB Szary
Smartfony|2349.0|Samsung Galaxy S10 Prism Black Czarny 128GB NOWY
Smartfony|977.0|HUAWEI P30 LITE 4/128GB BLACK
Smartfony|680.0|Xiaomi Redmi Note 8 4/64 GB Smartfon Niebieski
Smartfony|1849.0|APPLE IPHONE X 64GB KOLORY ETUI SZKŁO + AKCESORIA
Smartfony|1699.0|APPLE IPHONE 8 PLUS 64GB - Gold/Gray/Silver/Red
Smartfony|1649.0|Smartfon Apple Iphone 8 Plus czerwony 64GB
Smartfony|389.99|Niebieski Smartfon XIAOMI Redmi 7A 2/16GB Pie
Smartfony|394.99|CUBOT KING KONG IP68 ODPORNY IP68 2/16GB 4400mah
Smartfony|819.0|SAMSUNG GALAXY A30S 4/64GB BIAŁY
Smartfony|1849.0|Smartfon Xiaomi Mi 9T Pro 6/128GB AMOLED Biały
Smartfony|1219.0|APPLE IPHONE 8 64GB KOLORY + GRATISY + AKCESORIA
Smartfony|2751.0|PROMO ZAFOLIOWANE IPHONE XS 64GB SPACE GREY
Smartfony|3387.0|PROMO APPLE IPHONE 11 128GB WHITE ZAFOLIOWANY
Smartfony|1329.0|Smartfon Samsung Galaxy S8 Midnight Black 64GB
Smartfony|939.99|Smartfon Samsung Galaxy A50 niebieski 128GB
Smartfony|2439.01|Huawei P30 Pro 6/128GB Aurora Blue Gustos
Smartfony|1399.0|Smartfon Apple Iphone 8 Plus space gray 64GB
Smartfony|949.0|Smartfon Apple iPhone 7 srebrny 128 GB
Smartfony|799.0|Smartfon Xiaomi Redmi Note 8T 4/64GB Dual SIM NFC
Smartfony|484.99|CUBOT X19 5,94' FHD+ 4/64GB FACE ID DUAL SIM LTE
Smartfony|1549.0|Smartfon Apple Iphone 8 Plus space gray 64GB
Smartfony|2699.01|Apple iPhone XS 64GB Black Space Gray Gustos
Smartfony|1034.0|iPhone XR 64GB Biały Gwarancja + Case Swarovski
Smartfony|139.0|SMARTFON MEDION E4504 5.1 4,5'' DUAL SIM LTE
Smartfony|359.0|Smartfon Motorola MOTO E5+ PLUS Dual Sim 6 PL FV23
Smartfony|929.0|Smartfon Apple iPhone 7 srebrny 128 GB
Smartfony|549.0|Samsung Galaxy A20e 3/32GB niebieski z salonu PLAY
Smartfony|1699.0|PREMUM IPHONE 8 PLUS 64GB - KOLORY - Pełny zestaw
Smartfony|79.99|MINI TELEFON KOMÓRKOWY L8STAR BM10 DUAL SIM MICRO
Smartfony|1849.0|Smartfon Xiaomi Mi 9T Pro 6/128GB AMOLED Niebieski
Smartfony|799.0|Smartfon Xiaomi Redmi Note 8T 4/64GB Dual SIM NFC
Smartfony|2199.0|Smartfon Apple iPhone X szary 256GB
Smartfony|269.0|Smartfon HUAWEI Y5 2018 2/16GB Oreo LTE 8Mpx
Smartfony|1436.9|Samsung Galaxy A51 Czarny 128GB/4GB DualSIM NFC EU
Smartfony|3139.0|Apple iPhone 11 64 GB A13 Dual SIM Czarny
Smartfony|879.0|Smartfon Apple iPhone 7 różowe złoto 128 GB
Smartfony|1397.0|SAMSUNG GALAXY A70 6/128GB biały PL dystrybucja
Smartfony|2699.01|Apple iPhone XS 64GB Silver Gustos
Smartfony|249.0|SMARTFON HUAWEI Y5 2018 2/16GB DS BLACK (DRA-L21)
Smartfony|469.0|Apple iPhone 6S 16GB KOLORY + GRATIS
Smartfony|119.99|Telefon dla seniora NOUS Helper Flip (NS2435)Black
Smartfony|1649.0|Smartfon Apple Iphone 8 Plus czerwony 64GB
Smartwatche|219.0|NO.1 DT98 MĘSKI SMARTWATCH ZEGAREK DO iOS ANDROID
Smartwatche|119.72|Xiaomi Mi Band 4 (polski j.,czarny)+ zielony pasek
Smartwatche|117.65|Xiaomi Mi Band 4 OPASKA JĘZYK POLSKI + GRATIS
Smartwatche|117.0|Xiaomi Mi Band 4 OPASKA JĘZYK POLSKI + GRATIS
Smartwatche|116.9|Xiaomi Mi Band 4 Opaska Sportowa + Folia na ekran
Smartwatche|117.0|Xiaomi Mi Band 4 OPASKA SPORTOWA JĘZYK POLSKI
Smartwatche|113.99|Xiaomi Mi Band 4 OPASKA SPORTOWA JĘZYK POLSKI
Smartwatche|117.0|Xiaomi Mi Band 4 OPASKA SPORTOWA JĘZYK POLSKI
Smartwatche|115.9|Xiaomi Mi Band 4 OPASKA SPORTOWA + FOLIA GRATIS
Smartwatche|12.9|KOLOROWA OPASKA ZAMIENNA DO XIAOMI MI BAND 4
Smartwatche|3.0|SZKŁO HYBRYDOWE DO OPASKI XIAOMI MI BAND 4 EKRAN
Smartwatche|115.0|Xiaomi Mi Band 4 OPASKA SPORTOWA + FOLIA GRATIS
Smartwatche|117.0|Xiaomi Mi Band 4 SMART PL JĘZYK POLSKI +Folia
Smartwatche|41.99|ZEGAREK M4 SMARTBAND OPASKA KROKOMIERZ pedometr
Smartwatche|116.9|Xiaomi Mi Band 4 Opaska Sportowa + Folia na ekran
Smartwatche|124.99|Xiaomi Mi Band 4 Opaska Sportowa Czarny Polski
Smartwatche|116.94|Xiaomi Mi Band 4 JĘZYK POLSKI + GRATIS
Smartwatche|189.9|Smartwatch damski KW10 OLED DESIGN kroki puls cykl
Smartwatche|2.39|OPASKA ZAMIENNA do XIAOMI MI BAND 3 PASEK KOLORY
Smartwatche|113.99|Xiaomi Mi Band 4 OPASKA SPORTOWA JĘZYK POLSKI
Smartwatche|116.95|Xiaomi Mi Band 4 OPASKA JĘZYK POLSKI + GRATIS
Smartwatche|64.99|XIAOMI Mi Band 2 SMARTWATCH OLED IP67 PULS BT
Smartwatche|174.99|SMARTWATCH DAMSKI ZEGAREK KW10 SMARTBAND KROK PULS
Smartwatche|109.9|OPASKA XIAOMI MI BAND 3 + KOLOROWA OPASKA GRATIS
Smartwatche|229.0|Smartwatch Zegarek EKG ciśnieniomierz POLSKIE MENU
Smartwatche|39.9|Smartwatch Zegarek DZ-09 Kamera Slot Karty SIM, SD
Smartwatche|94.9|XIAOMI MI BAND 3 OPASKA SPORTOWA FITNESS SMARTBAND
Smartwatche|116.9|Xiaomi Mi Band 4 OPASKA JĘZYK POLSKI + GRATIS
Smartwatche|6.99|FOLIA OCHRONNA do MI BAND 4 XIAOMI ! 3 sztuki !
Smartwatche|41.99|OPASKA ZAMIENNA do XIAOMI MI BAND 4 12sztuk +Folia
Smartwatche|106.9|XIAOMI MI BAND 3 JĘZYK POLSKI
Smartwatche|14.99|OPASKA PASEK do XIAOMI MI BAND 4 ORYGINALNE KOLORY
Smartwatche|109.9|XIAOMI MI BAND 3 JĘZYK POLSKI
Smartwatche|55.99|SMARTWATCH V8 ZEGAREK SMART WATCH SIM SD MENU PL
Smartwatche|129.95|Xiaomi Mi Band 4 + KOLOROWA OPASKA + FOLIA GRATIS
Smartwatche|29.99|SMARTBAND SmartWatch ZEGAREK PULSOMETR KROKOMIERZ
Smartwatche|40.0|SMARTBAND Smart-Watch DO IPHONE SAMSUNG HUAWEI HTC
Smartwatche|11.99|ŁADOWARKA KABEL USB do Xiaomi MI BAND 4 klips
Smartwatche|5.49|OPASKA ZAMIENNA do XIAOMI MI BAND 3 PASEK MIBAND
Smartwatche|229.0|ZEGAREK MĘSKI SMARTWATCH EKG PULS CIŚNIENIE IP68
Smartwatche|9.7|OPASKA ZAMIENNA WZORY do XIAOMI MI BAND 3 oraz 4
Smartwatche|20.49|OPASKA ZAMIENNA do XIAOMI MI BAND 4 4szt + Folia
Smartwatche|2.99|OPASKA ZAMIENNA do XIAOMI MI BAND 2 PASEK KOLORY
Smartwatche|40.0|Smart-Watch do Xiaomi Redmi Note 7 8 MI 9T Pro
Smartwatche|3.99|OPASKA ZAMIENNA do XIAOMI MI BAND 2 PASEK KOLORY
Smartwatche|58.99|Smartwatch Zegarek model Q18 z Aparatem, Karta SIM
Smartwatche|54.9|Mocny Wodoodporny SMARTWATCH 2020 +MIKROFON SIM PL
Smartwatche|4.29|OPASKA ZAMIENNA do XIAOMI MI BAND 2 PASEK MIBAND
Smartwatche|114.99|Opaska sportowa Xiaomi Mi Band 4 polski język
Smartwatche|59.0|SMARTWATCH ZEGAREK LOKALIZATOR DZIECI GPS SIM PL!!
Smartwatche|69.0|METAL SMARTWATCH ZEGAREK SPORT GPS MENU KAMERA SIM
Smartwatche|117.0|Xiaomi Mi Band 4 OPASKA JĘZYK POLSKI + GRATIS
Smartwatche|40.99|OPASKA ZAMIENNA do XIAOMI MI BAND 4 PASEK 12 sztuk
Smartwatche|129.9|Xiaomi Mi Band 4 + KOLOROWA OPASKA + FOLIA GRATIS
Smartwatche|9.99|OPASKA ZAMIENNA do XIAOMI MI BAND 3 PERFOROWANA
Smartwatche|129.95|Xiaomi Mi Band 4 OPASKA SPORTOWA JĘZYK POLSKI
Smartwatche|55.9|Smartwatch Zegarek GT08 Smart Watch Android
Smartwatche|34.95|Smartband M3 działa z SAMSUNG HUAWEI xiaomi iphone
Smartwatche|85.01|SMARTWATCH DZIECI ZEGAREK LOKALIZATOR GPS SIM PL
Smartwatche|199.0|SMARTWATCH SMARTBAND ZEGAREK MĘSKI HUAWEI SAMSUNG
Smartwatche|9.99|OPASKA ZAMIENNA do XIAOMI MI BAND 4 PERFOROWANA
Smartwatche|3.99|OPASKA ZAMIENNA do XIAOMI MI BAND 3 PASEK KOLORY
Smartwatche|229.0|ZEGAREK MĘSKI Smartwatch PULS KROKI SMS CZERWONY
Smartwatche|369.0|Wodoodporny smartwatch EKG, ciśnienie, puls IP 68
Tablety|469.99|"Winnovo 7.85 ""4G Tablet 16GB"
Tablety|4999.0|Apple iPad Pro 12,9 Wi-Fi+Cellular 64GB
Tablety|399.0|Tablet 10.1cali android 9.0 Wi-Fi 2GB 32GB dualSIM
Tablety|149.0|TABLET HP 7 PLUS 1301 7' IPS 8GB QUAD CORE 4x1GHz
Tablety|689.0|2w1 TABLET/LAPTOP P2212t 11,6 FHD Win10 PL
Tablety|399.0|Tablet 10.1cali android 9.0 Wi-Fi 2GB 32GB dualSIM
Tablety|139.0|Tablet Lark ULTIMATE Wi Fi KAMERA DUZY EKRAN
Tablety|599.0|LENOVO SMART TAB M10 SMART DOCK GŁOŚNIKI LTE 32GB
Tablety|899.0|TABLET/LAPTOP P2212T AKOYA 4GB/64GB 11,6 FHD W10
Tablety|449.99|Tablet OVERMAX 10 cali DualSIM 3G 16GB GPS 2GB RAM
Tablety|899.0|HUAWEI MEDIAPAD M5 8.4 WIFI 4/32 GB Space Gray
Tablety|189.0|HP SLATE 6 VOICETAB
Tablety|469.0|YOTOPT 10 cali tablet 3G/WiFi 2GB 32GB android 9.0
Tablety|389.0|Tablet 10.1 cali M10 Quad SIM 3G BT GPS 2G/16GB
Tablety|275.0|"Tablet 10"" ACER ICONIA A3-B20 10 Prezent"
Tablety|299.0|TABLET MEDION S10352 16GB 10,1'' GPS LTE GRATIS
Tablety|399.0|TABLET C1008 MEDION 2/32GB 10,1 Win10 KLAWIATURA
Tablety|1099.0|APPLE iPad Mini 4 64GB WiFi Space Gray iOS13
Tablety|999.0|Microsoft Surface PRO 3 i3 64GB Win 8.1 Pro PL
Tablety|319.99|NOWY TABLET MEDION AKOYA E1233T 32/2GB
Tablety|899.0|Tablet Lenovo TAB M10 4/64GB FV23% PL DYSTR
Tablety|1599.0|APPLE iPAD PRO 9,7'' WiFi 128GB TouchID Gray iOS13
Tablety|149.0|Tablet NAVITEL T5003G Odnowiony Mapy Europy , 3g .
Tablety|469.0|YOTOPT 10 cali tablet 3G/WiFi 2GB 32GB android 9.0
Tablety|1199.0|"Apple iPad Pro 9,7"" 32 GB Wi-Fi Space Gray"
Tablety|1489.0|Apple iPad 10.2 (2019) WiFi 32GB Space Gray
Tablety|448.0|Tablet 10.1 3G M10 Quad SIM BT GPS 2G/16GB + ETUI
Tablety|1549.0|Tablet Apple iPad MW742LL/A 10.2' 2019 WiFi 32GB
Tablety|339.0|Tablet ESSENTIEL INTEL 2GB 32GB HD WIN 10 UŻ
Tablety|399.0|"Tablet Kruger&Matz 9,6"" EAGLE 961 2/16 GB"
Tablety|129.0|TABLET HP 7 PLUS 1301 IPS 8GB QUAD CORE 4x1GHz B
Tablety|399.0|Tablet Medion Lifetab S10365 10'' 64GB 2GB RAM GPS
Tablety|216.0|ANDROID9.0 16GB TABLET EDUKACYJNY DLA DZIECI KIDS
Tablety|559.0|TABLET/LAPTOP P2214T AKOYA 4GB/64GB 11,6 FHD W10
Tablety|479.0|"Tablet LENOVO TAB 4 8"" TB-8504X DUAL LTE 2/16"
Tablety|1549.0|Tablet APPLE iPad 10.2 (2019) 32GB Wi-Fi Złoty
Tablety|799.0|TABLET APPLE IPAD AIR WI-FI 32 GB A1474 KLASA A
Tablety|2149.0|SAMSUNG GALAXY TAB S4 T835 S-Pen Wi-Fi + LTE
Tablety|1399.0|Lenovo Yoga Smart Tab YT-X705L 4GB 64GB LTE FHD
Tablety|1399.0|Huawei MediaPad M5 Lite 10 LTE 4/64 GB szary
Tablety|1599.0|Tablet APPLE iPad 10.2 32GB Wi-Fi Grey MW742FD/A
Tablety|229.0|Tablet Telefon OMNA V7S 16GB IPS GPS ANDROID 8 GMS
Tablety|199.0|TABLET EDUKACYJNY DLA DZIECI KIDS + GRY + ZESTAW
Tablety|1149.0|Huawei MediaPad M5 Lite 10 Wi-Fi 4/64 GB szary
Tablety|409.0|Tablet OVERMAX QUALCORE 1027 3G SIM BT GPS + etui
Tablety|2149.0|SAMSUNG GALAXY TAB S4 T835 S-Pen Wi-Fi + LTE
Tablety|1099.0|TABLET APPLE IPAD AIR 2 WI-FI 64GB A1566 KLASA A
Tablety|499.0|TABLET MEDION P10612 FHD SD430 LTE 32/2GB QC OREO
Tablety|509.0|Medion E2215T HD 2 / 32GB 11,6''DOTYKOWY WIN 10
Tablety|465.0|Tablet SAMSUNG GALAXY Tab A (6) 7.0'' 1,5/8GB LTE
Tablety|1198.0|XIAOMI MI PAD 4 PLUS 4/64 GB 10,1 CALI 4G FULL HD
Tablety|349.0|Tablet Huawei MediaPad T3 7.0 Wi-fi BG2-W09
Tablety|799.0|LAPTOP E2228T FHD 64GB 4GB RAM 360 HELLO WIN'10
Tablety|349.0|TABLET MEDION E10511 FULL HD ANDROID 7.0 HDMI GPS
Tablety|599.0|Tablet Huawei MediaPad T3 10.0 32GB WiFi szary
Tablety|1399.0|Zestaw Huawei M5 Lite 10 4/64 LTE + 20GB internetu
Tablety|969.0|Tablet HUAWEI MediaPad T5 LTE 64GB Czarny
Tablety|199.99|Tablet OVERMAX LIVECORE 7032 WIFI 8GB 4 RDZENIE
Tablety|1299.0|APPLE IPAD PRO WI-FI 32 GB 2016 A1673 KLASA A
Tablety|359.0|Archos DUŻY Tablet Core 101 3G Srebrny 16GB 10cala
Tablety|599.0|Tablet Kruger&Matz 10,1'' EAGLE 1068 2/16 GB
Tablety|649.0|Laptop Tablet Dell Venue 11 Pro i5 4/128GB SSD W10
Tablety|5399.0|Apple Ipad Pro 12.9 WiFi-Cellular 64GB MTHJ2FD/A
Tablety|2399.0|iPad Mini 5 256GB LTE GOLD PL OD REKI FV23%
Akcesoria GSM|64.0|FUTRZANY FUTERAŁ ETUI CASE NATURAL FUTRO Z KRÓLIKA
Akcesoria GSM|14.99|hama Pokrowiec Kabura Samsung Galaxy S5 mini
Akcesoria GSM|6.9|WZMACNIANY KABEL MICRO USB QC 3.0 QUICK CHARGE 3A
Akcesoria GSM|11.5|SZYBKA ŁADOWARKA SIECIOWA USB QUICK CHARGE 3.0
Akcesoria GSM|5.9|TYP-C KABEL QUICK CHARGE 3.0 SZYBKIE ŁADOWANIE
Akcesoria GSM|8.9|SZYBKA 3.1A SAMOCHODOWA ŁADOWARKA QUALCOMM QC 3.0
Akcesoria GSM|1.9|ADAPTER MICRO USB do USB-C 3.1 TYP-C PRZEJŚCIÓWKA
Akcesoria GSM|7.9|WZMACNIANY KABEL TYP-C QC 3.0 QUICK CHARGE 3,1A
Akcesoria GSM|12.99|SZKŁO 5D FULL GLUE PEŁNE SZYBKA do IPHONE 6 6s 7 8
Akcesoria GSM|11.9|WZMACNIANY KABEL TYP-C QUICK CHARGE 3,1A ZŁOTY 2m
Akcesoria GSM|11.9|INTELIGENTNA SZYBKA ŁADOWARKA QUICK CHARGE QC 3.0
Akcesoria GSM|5.5|SZKŁO NA APARAT OBIEKTYW TYŁ do REDMI NOTE 8T
Akcesoria GSM|8.9|SZKŁO 5D FULL GLUE SZYBKA DO XIAOMI REDMI NOTE 7
Akcesoria GSM|5.9|MICRO USB KABEL QUICK CHARGE SZYBKIE ŁADOWANIE
Akcesoria GSM|8.9|SZKŁO 5D CAŁY EKRAN FULL GLUE do REDMI NOTE 8T
Akcesoria GSM|11.9|KABEL TYp-C SZYBKIE ŁADOWANIE DŁUGI 2m KĄTOWY 90°
Akcesoria GSM|4.9|SZKŁO NA APARAT OBIEKTYW DO XIAOMI REDMI NOTE 8T
Akcesoria GSM|11.9|WZMACNIANY KABEL MICRO USB QUICK CHARGE ZŁOTY 2m
Akcesoria GSM|6.9|SZKŁO 5D FULL GLUE DO XIAOMI REDMI NOTE 8 PRO
Akcesoria GSM|18.9|ETUI INTELIGO VIEW DO XIAOMI REDMI NOTE 7 +SZKŁO
Akcesoria GSM|4.99|ETUI SLIM CASE CLEAR do SAMSUNG GALAXY A50 + SZKŁO
Akcesoria GSM|18.9|Kabel magnetyczny 3w1 ładowarka micro USB C iPhone
Akcesoria GSM|18.9|ETUI INTELIGO VIEW DO XIAOMI REDMI NOTE 8T +SZYBKA
Akcesoria GSM|19.9|ETUI CLEAR VIEW COVER DO LG K50s +SZKŁO
Akcesoria GSM|8.9|SZKŁO 5D CAŁY EKRAN PEŁNE do SAMSUNG GALAXY A50
Akcesoria GSM|14.9|ALUMINIUM UCHWYT MAGNETYCZNY DO KRATKI AUTA HOLDER
Akcesoria GSM|8.9|FOLIA OCHRONNA NA EKRAN DO OPASKI XIAOMI MI BAND 4
Akcesoria GSM|14.9|SZYBKA 3.1A SAMOCHODOWA ŁADOWARKA LED QC 3.0
Akcesoria GSM|5.9|SZKŁO APARAT OBIEKTYW DO XIAOMI REDMI NOTE 8 PRO
Akcesoria GSM|8.9|Uchwyt samochodowy grawitacyjny na telefon kratka
Akcesoria GSM|11.99|Etui Premium Clear Case do iphone 11 2019 + SZKŁO
Akcesoria GSM|12.9|ETUI HYBRID ELEGANCE do Samsung Galaxy A10 + SZKŁO
Akcesoria GSM|7.99|Uniwersalny UCHWYT SAMOCHODOWY TELEFONU do SZYBY
Akcesoria GSM|8.9|SZKŁO 5D FULL GLUE PEŁNE SZYBKA DO IPHONE 6 6s 7 8
Akcesoria GSM|9.9|"SZKŁO 5D PEŁNE FULL GLUE do iPhone X|XS|11 Pro'"
Akcesoria GSM|12.9|UCHWYT DO AUTA NA SZYBĘ UNIWERSALNY HOLDER 360°
Akcesoria GSM|16.9|MOCNY UCHWYT NA TELEFON GRAWITACYJNY DO KRATKI
Akcesoria GSM|10.5|ETUI SMART MAGNET PORTFEL+SZKŁO do Xiaomi Redmi 7A
Akcesoria GSM|9.9|SZKŁO NA APARAT +RAMKA DO XIAOMI REDMI NOTE 8 PRO
Akcesoria GSM|7.9|WZMACNIANY KABEL QUICK CHARGE 3,1A DO IPHONE
Akcesoria GSM|6.9|SZKŁO 5D FULL GLUE SZYBKA DO XIAOMI REDMI NOTE 8T
Akcesoria GSM|19.9|ETUI INTELIGO CLEAR VIEW DO SAMSUNG A50 +SZKŁO
Akcesoria GSM|11.9|ETUI HYBRID ELEGANCE do Samsung Galaxy A70 + SZKŁO
Akcesoria GSM|21.9|Case Etui Obudowa Apple iPhone 7/8 OKAZJA! KOLORY!
Akcesoria GSM|3.99|SZKŁO HARTOWANE SZYBKA OCHRONNA do IPHONE 6 6S 7 8
Akcesoria GSM|4.99|SZKŁO HARTOWANE CAŁY EKRAN do HUAWEI MATE 20 LITE
Akcesoria GSM|9.9|ETUI HYBRID ELEGANCE do Samsung Galaxy A40 + SZKŁO
Akcesoria GSM|11.6|ŁADOWARKA SIECIOWA SZYBKA QUICK CHARGE 3.0 USB
Akcesoria GSM|13.9|ETUI SILIKONOWE CASE CANDY TPU do IPHONE 6/6S 7/8
Akcesoria GSM|12.9|SZKŁO PEŁNE 5D FULL GLUE do IPHONE 6 6S 7 8
Akcesoria GSM|9.9|KABEL ŁADOWARKA 3w1 DO IPHONE / MICRO USB / TYP-C
Akcesoria GSM|3.99|SZKŁO HARTOWANE SZYBKA do SAMSUNG GALAXY A50
Akcesoria GSM|6.9|ETUI SLIM CASE CLEAR do HUAWEI P30 LITE + SZKŁO
Akcesoria GSM|4.99|ETUI SLIM CASE CLEAR do HUAWEI P SMART 2019 +SZKŁO
Akcesoria GSM|2.99|Szkło hartowane 9H do Xiaomi Redmi Note 7
Akcesoria GSM|1.6|SZKŁO HARTOWANE 9H DO APPLE IPHONE 6,6S,7,8
Akcesoria GSM|3.99|SZKŁO HARTOWANE 9H SZYBKA do HUAWEI MATE 10 LITE
Akcesoria GSM|3.98|SZKŁO 9H PEŁNE FULL GLUE 5D DO IPHONE X XS 11 PRO
Akcesoria GSM|16.0|KABEL MAGNETYCZNY 3W1 ŁADOWARK MICRO USB do IPHONE
Akcesoria GSM|11.5|ADAPTER PRZEJŚCIÓWKA JACK SŁUCHAWKI DO IPHONE
Akcesoria GSM|6.9|SZKŁO 5D CAŁY EKRAN SZYBKA do HUAWEI P30 LITE
Akcesoria GSM|19.9|ETUI INTELIGO VIEW COVER DO SAMSUNG A40 +SZKŁO
Akcesoria GSM|13.9|Szkło Flexible Glass Huawei P10 Plus
Akcesoria GSM|242.0|RAMKA SONY XPERIA Z5 E6653 KORPUS OBUDOWA CZARNY
Komputery|121.0|5x TONER BROTHER TN2220 TN2010 DCP7065 7070 HL2135
Komputery|21950.0|Dell R630 8x2.5 2xE5-2667v4 96GB H730p 4x2TB 7.2K
Komputery|14.99|Klucz Microsoft Office 2019 Professional Plus PL
Komputery|119.5|Lenovo Yoga 910 4K UHD i7-7500/16GB/512GB wada
Komputery|8.89|Windows 10 Pro Professional 32/64 BIT PL Klucz
Komputery|10.99|Klucz Windows 10 Pro Professional 32/64BIT PL
Komputery|7.09|Windows 10 Professional Pro 32/64 BIT KLUCZ PL
Komputery|20.0|KINGSTON PENDRIVE PAMIĘĆ DT100 G3 USB 3.0 32 GB
Komputery|175.0|DYSK PRZENOŚNY ZEWNĘTRZNY 1TB 1000GB 2,5'' TOSHIBA
Komputery|199.99|Fotel kubełkowy Gamingowy dla Gracza obrotowy LC04
Komputery|32.9|TONER DO SAMSUNG XPRESS M2020W M2022W M2070W NOWY
Komputery|20.0|KLAWIATURA BEZPRZEWODOWA SMART TV I8 KOLORY 3 LED
Komputery|39.0|TABLET GRAFICZNY DO RYSOWANIA DLA DZIECKA + RYSIK
Komputery|9.99|ADAPTER PRZEJŚCIÓWKA KONWERTER Z HDMI DO VGA DSUB
Komputery|27.99|KINGSTON PENDRIVE PAMIĘĆ DT100 G3 USB 3.0 64 GB
Komputery|89.99|DYSK PRZENOŚNY ZEWNĘTRZNY 500GB 2,5'' SATA III 6GB
Komputery|9.98|Windows 7 Professional PL KLUCZ COA 32/64 BITY
Komputery|176.66|Dysk SSD GOODRAM CX400 256GB SATA3 550/490 MB/s
Komputery|95.0|2x TUSZ HP 304 DESKJET 2620 2630 3720 3730 3732 !!
Komputery|6.0|Przewód zasilający koniczynka do zasilacza laptopa
Komputery|29.99|TONER DO DRUKARKI SAMSUNG XPRESS M2026 M2026W NOWY
Komputery|8.29|ADAPTER PRZEJŚCIÓWKA KONWERTER Z HDMI NA VGA DSUB
Komputery|23.99|Nowy Toner do HP LaserJet Pro M15a M15w M28w M28a
Komputery|36.5|KINGSTON PENDRIVE PAMIĘĆ DT100 G3 USB 3.0 64 GB
Komputery|37.0|TABLET GRAFICZNY DO RYSOWANIA DLA DZIECKA + RYSIK
Komputery|29.0|MYSZ Bezprzewodowa USB Logitech M185 Myszka M 185
Komputery|7.99|Microsoft Office 365 2016 Pro Dożywotni
Komputery|15.49|Windows 10 HOME 32/64Bit Klucz
Komputery|94.99|REPEATER TP-LINK RE200 AC750 WZMACNIACZ WI-FI AC
Komputery|53.96|Office 2019 Professional
Komputery|40.0|Tusz INK-MATE do Epson serii XP 4x100ml
Komputery|19.99|TABLET GRAFICZNY DO RYSOWANIA DLA DZIECI +RYSIK 8'
Komputery|6.97|Microsoft Office 2016 Professional Pakiet Klucz
Komputery|169.24|Dysk SSD Adata 240GB SU650 SATA3 520/450 3D NAND
Komputery|22.89|WINDOWS 10 PROFESSIONAL PRO 32 bit 64 bit PL KLUCZ
Komputery|53.96|Windows 10 Professional
Komputery|24.9|MYSZ MYSZKA OPTYCZNA BEZPRZEWODOWA SLIM 2.4GHz NEW
Komputery|12.0|AB9 KARTA SIECIOWA WIFI USB WI-FI ADAPTER + ANTENA
Komputery|9.0|ADAPTER Konwerter z HDMI do VGA kabel DSUB monitor
Komputery|36.9|10x NOWE TUSZE DO DRUKARKI CANON PIXMA MG 5750 XL
Komputery|379.0|Urządzenie 3W1 Lexmark Ksero Fax Skaner + TONER PL
Komputery|99.9|Oryginalny Microsoft Office 2019 Professional + PL
Komputery|194.9|Długopis 3D Pen Drukarka 3D + 155m Wkładów Gratis
Komputery|199.0|HIT Lenovo ChromeBook 4rdzeniowy 4GB HDMI BAT 5H
Komputery|40.0|NAPĘD CD-R/DVD-ROM/RW NAGRYWARKA Zewnętrzny USB
Komputery|20.0|USB 3.0 SATA ADAPTER DO DYSKU HDD SSD PRZEJŚCIÓWKA
Komputery|40.0|NAPĘD CD-R/DVD-ROM/RW NAGRYWARKA Zewnętrzny USB **
Komputery|17.5|Pendrive Goodram Twister UTS2 32GB
Komputery|13.9|Kabel Sieciowy Lan Ethernet Skrętka Gold RJ45 30m
Komputery|69.9|DŁUGOPIS 3D PEN DRUKARKA 3D WKŁAD GRATIS
Komputery|18.99|PENDRIVE PAMIĘĆ 64GB USB 2.0 FLASH TWISTER 64GB
Komputery|147.0|DŁUGOPIS 3D PEN DRUKARKA 3D + 200 m WKŁADÓW GRATIS
Komputery|21.99|Microsoft Windows 10 Professional 32/64bit PL
Komputery|16.99|Reverse Torba do laptopa duża na ramię LAPTOP 15,6
Komputery|9.3|MYSZ OPTYCZNA BEZPRZEWODOWA MYSZKA KOMPUTEROWA USB
Komputery|689.0|2w1 TABLET/LAPTOP P2212t 11,6 FHD Win10 PL
Komputery|399.0|Tablet 10.1cali android 9.0 Wi-Fi 2GB 32GB dualSIM
Komputery|49.99|Eset NOD32 Antywirus 13 2020 1 rok 1 Pc
Komputery|20.0|TUSZE DO DRUKARKI BROTHER DCP-J125 DCP-J315W LC985
Komputery|16.99|Pendrive Kingston DataTraveler 100 G3 32GB USB 3.0
Komputery|26.0|5x TUSZE DO DRUKARKI HP PHOTOSMART 5524 5520 364XL
Komputery|57.19|TP-Link TL-WA854RE Wzmacniacz WiFI następca 850RE
Komputery|2799.0|PC Do GIER! i7 16GB GTX 1660Ti SSD240GB +500GB W10
Komputery|7900.0|da Vinci Color Mini
Laptopy|1399.0|Laptop DELL E6540 i7 8GB SSD W10Pro FHD
Laptopy|1049.0|Akoya E6415 Core i5 8GB 480GB SSD 15,6 mat Win10PL
Laptopy|119.5|Lenovo Yoga 910 4K UHD i7-7500/16GB/512GB wada
Laptopy|199.0|HIT Lenovo ChromeBook 4rdzeniowy 4GB HDMI BAT 5H
Laptopy|689.0|2w1 TABLET/LAPTOP P2212t 11,6 FHD Win10 PL
Laptopy|229.0|Lenovo 11e ChromeBook QUADCORE N2940 4GB HDM SSD
Laptopy|299.0|Acer 14 Chromebook 4GB GooglePLAY BAT5h ALUMINIUM
Laptopy|249.0|Laptop Biznesowy HP i3 320GB Kamera Windows
Laptopy|289.0|Lenovo 11e Chromebook 4GB GooglePLAY HDMI 5h IGŁA
Laptopy|939.0|Lenovo V110-15 15,6'' 1000GB 4GB RAM Win10
Laptopy|1299.0|MOCNY ASUS VIVOBOOK INTEL 4GB SSD256 WIN10
Laptopy|799.0|Ultrabook Laptop Lenovo ThinkPad i5 8GB 240SSD W10
Laptopy|1139.0|Laptop 14'' DOTYKOWY i3-4010U 8GB/240SSD Win10 Gwr
Laptopy|1699.0|DeLL Inspiron 3780 Intel Gold 8GB 1TB HD+ TS Win10
Laptopy|799.0|Laptop Dell Latitude i7 8GB 128 SSD W10 Ultrabook
Laptopy|399.0|LENOVO Chromebook 4GB HDMI SSD USB 3.0 MOCNA BAT
Laptopy|1599.99|HP G7 i3 4x2.3 GHz 7-gen SSD256 8GB FULL HD620 W10
Laptopy|552.0|DELL Latitude E6430 i7-3740QM 12GB 256GB SSD HD+
Laptopy|489.0|LENOVO ThinkPad X220 4GB 320GB Win7 Klasa A
Laptopy|321.0|Packard Bell TV11CM A6-4400M 2x2,7Ghz 8GB 1TB HD
Laptopy|1114.0|Laptop Dell E7450 i5 5gen. 8GB 240SSD W10 KAM
Laptopy|449.0|LENOVO ThinkPad T410 4GB 320GB Nvida 1440x900x
Laptopy|1899.0|Lenovo IdeaPad S340-15 i3 8GB 256SSD FHD TOUCH W10
Laptopy|2199.0|Laptop Acer Aspire 3 i3-10110U 8GB 512SSD Win10
Laptopy|2599.0|DELL LATITUDE E5570 i7 QUAD 16GB 512SSD RADEON FHD
Laptopy|4199.0|NEW APPLE MacBook Air 13 i5 8GB SSD RETINA GOLD
Laptopy|1499.0|CZERWONY Laptop HP 15-BS 4-wątkowy 4/120 SSD W10
Laptopy|305.0|HP EliteBook 8540w i7-640M 8GB 1TB FX 1800M FHD
Laptopy|1999.0|BIZNESOWY LENOVO RYZEN 5 8GB SSD512 WIN10
Laptopy|1799.99|Gamingowy Dell 14 Core i5 Radeon 16GB RAM 512SSD
Laptopy|769.0|Laptop Tablet 4w1 INTEL 64SSD+500HDD 15,6 TouchFHD
Laptopy|250.0|LENOVO ThinkPad E330 i5-3230M 2,6Ghz 4GB 320GB HD
Laptopy|162.5|LENOVO Ideapad S510p 2955U 2x1,4Ghz 8GB 160GB SSD
Laptopy|1049.0|OUTLET Lenovo Ideapad S130-14 4x2,7GHz 128SSD Win
Laptopy|1299.0|Laptop HP 250 G7 4x2,3GHz 4GB SSD256 M.2 Win10Pro
Laptopy|2790.0|LENOVO T460s i7-6600U 12GB 256SSD LTE-A FullHD IPS
Laptopy|799.0|Lenovo ThinkPad 13 i5-6200 8GB DDR4 128GB M2 USB C
Laptopy|999.0|LENOVO FLEX 6 11 2in1 N4000 4GB 128GB TOUCH WIN10
Laptopy|1259.0|MOCNY LAPTOP HP 250 G7 4417U 8GB SSD240 FHD WIN10
Laptopy|1547.0|DELL M4800 i7 4810MQ 8GB 128SSD FHD K2100M Win10
Laptopy|1999.0|HP 15 AMD RYZEN 3 3200U 8/128G SSD+1T FHD CZERWONY
Laptopy|1999.0|ASUS GAMER 4x3.6GHz 8GB SSD480 Radeon R7 FHD WIN10
Laptopy|1197.0|LAPTOP DELL E7450 i5-5GEN 8GB 128SSD W10 FHD IPS
Laptopy|3399.0|Lenovo Legion Y530 i7 16GB 256M2 + 1TB GTX1050 W10
Laptopy|3199.0|Lenovo L340 17'' i5-9300 16GB 256 PCie GTX1650
Laptopy|1499.0|LAPTOP LENOVO 4-RDZENIE 8GB 256GB Win10 BIAŁY
Laptopy|325.0|"Acer 14"" N3060 4GB 16SSD GooglePLAY BAT4h ALU"
Laptopy|1699.0|CZERWONY Laptop HP 15-BS 4-wątkowy 8/240 SSD W10
Laptopy|3489.0|Apple Macbook Air 13' MQD32ZE/A i5 8GB 128SSD 2019
Laptopy|3099.0|Lenovo L340-15IRH Gaming i5 16G 256GB PCie GTX1650
Laptopy|2149.0|Laptop p6659 i5-6200U 2x2,80Ghz SSD+HDD GF GT930M
Laptopy|289.0|"CHROMEBOOK HP 11 G4 CHROME OS 16SSD 4GB 11,6"""
Laptopy|622.0|Czerwony DELL Chromebook 11 4GB HDMI SSD USB 3.0
Laptopy|3747.0|ACER NITRO 5 FHD 17 IPS i5-9300 16 512 GTX1650 W10
Laptopy|329.0|Laptop Lenovo L420 14'' i3 2-gen. 4/320GB W10 LED
Laptopy|790.0|Jak NOWY HP 645 G2 AMD PRO A8-8600B R6 8GB 128SSD
Laptopy|4599.0|Apple Macbook Air 13' i5 8GB 128GB MVFH2ZE 2019 SG
Laptopy|3599.0|MSI GT80 Titan SLI i7 24GB 1TB SSD 2xGTX970M 18,4'
Laptopy|3499.0|MSI GT72 Dominator i7 16GB 1TB SSD GTX970M FHD W10
Laptopy|439.0|Laptop E1318T 4GB 500GB HD8180 TOUCH WIN'10 HDMI
Laptopy|799.0|ULTRABOOK i5 4x2,60 8/240SSD metal W10
Laptopy|899.0|Laptop Lenovo ThinkPad i5 8GB 240SSD Win10
Laptopy|4149.0|Laptop Lenovo ThinkBook 15 i7-10510U 16GB 512 W10P
Laptopy|809.0|PROMOCJA ACER ES1-523 E1-7010 Radeon SSD120 15,6
